<application>
  <component name="com.intellij.ide.ui.customization.CustomActionsSchema">
    <group value="AtomFileIcons.OldToolbar" is_group="true" forse_popup="false" action_type="-1" position="4">
      <path value="root" />
      <path value="Main Toolbar" />
      <path value="Right" />
      <option name="myInitialPosition" value="-1" />
    </group>
    <group value="SettingsEntryPoint" is_group="true" forse_popup="false" action_type="-1" position="3">
      <path value="root" />
      <path value="Main Toolbar" />
      <path value="Right" />
      <option name="myInitialPosition" value="-1" />
    </group>
    <group value="SearchEverywhere" is_action="true" action_type="-1" position="2">
      <path value="root" />
      <path value="Main Toolbar" />
      <path value="Right" />
      <option name="myInitialPosition" value="-1" />
    </group>
    <group value="MainToolbarVCSGroup" is_group="true" forse_popup="false" action_type="-1" position="1">
      <path value="root" />
      <path value="Main Toolbar" />
      <path value="Left" />
      <option name="myInitialPosition" value="-1" />
    </group>
    <group value="NewUiRunWidget" is_action="true" action_type="-1" position="1">
      <path value="root" />
      <path value="Main Toolbar" />
      <path value="Right" />
      <option name="myInitialPosition" value="-1" />
    </group>
    <group value="ExecutionTargetsToolbarGroup" is_group="true" forse_popup="false" action_type="-1" position="0">
      <path value="root" />
      <path value="Main Toolbar" />
      <path value="Right" />
      <option name="myInitialPosition" value="-1" />
    </group>
  </component>
</application>