<application>
  <component name="LineMarkerSettings">
    <option name="providers">
      <map>
        <entry key="RenderedDoc" value="true" />
        <entry key="com.demonwav.mcdev.insight.ListenerLineMarkerProvider" value="true" />
        <entry key="com.demonwav.mcdev.insight.PluginLineMarkerProvider" value="true" />
        <entry key="com.demonwav.mcdev.platform.mixin.insight.MixinLineMarkerProvider" value="true" />
        <entry key="com.demonwav.mcdev.platform.mixin.insight.MixinTargetLineMarkerProvider" value="true" />
        <entry key="com.intellij.codeInsight.ExternalAnnotationLineMarkerProvider" value="true" />
        <entry key="com.intellij.codeInsight.InferredContractAnnotationsLineMarkerProvider" value="false" />
        <entry key="com.intellij.codeInsight.InferredNullabilityAnnotationsLineMarkerProvider" value="true" />
        <entry key="com.intellij.codeInsight.daemon.impl.IconLineMarkerProvider" value="true" />
        <entry key="com.intellij.codeInsight.daemon.impl.RecursiveCallLineMarkerProvider" value="true" />
        <entry key="com.intellij.execution.lineMarker.RunLineMarkerProvider" value="true" />
        <entry key="com.intellij.openapi.vcs.changes.ignore.codeInsight.IgnoreDirectoryMarkerProvider" value="true" />
        <entry key="com.intellij.ui.ColorLineMarkerProvider" value="true" />
        <entry key="java.implemented" value="true" />
        <entry key="java.implementing" value="true" />
        <entry key="java.lambda" value="true" />
        <entry key="java.overridden" value="true" />
        <entry key="java.overriding" value="true" />
        <entry key="java.service" value="true" />
        <entry key="java.sibling.inherited" value="true" />
        <entry key="kotlin.actual" value="true" />
        <entry key="kotlin.dsl" value="true" />
        <entry key="kotlin.expect" value="true" />
        <entry key="kotlin.implemented" value="true" />
        <entry key="kotlin.implementing" value="true" />
        <entry key="kotlin.overridden" value="true" />
        <entry key="kotlin.overriding" value="true" />
        <entry key="kotlin.recursive" value="true" />
        <entry key="org.editorconfig.configmanagement.editor.EditorConfigPreviewMarkerProvider" value="true" />
        <entry key="org.jetbrains.kotlin.idea.highlighter.KotlinRecursiveCallLineMarkerProvider" value="true" />
        <entry key="org.jetbrains.kotlin.idea.highlighter.KotlinSuspendCallLineMarkerProvider" value="true" />
        <entry key="scala.companion" value="true" />
        <entry key="scala.implemented" value="true" />
        <entry key="scala.implementing" value="true" />
        <entry key="scala.overridden" value="true" />
        <entry key="scala.overriding" value="true" />
        <entry key="scala.recursion" value="true" />
        <entry key="scala.sam" value="true" />
      </map>
    </option>
  </component>
</application>