<application>
  <component name="ProjectManager">
    <defaultProject>
      <component name="PropertiesComponent"><![CDATA[{
  "keyToString": {
    "settings.editor.selected.configurable": "preferences.keymap"
  }
}]]></component>
      <component name="WindowStateProjectService">
        <state x="464" y="191" key="SettingsEditor" timestamp="1720576220976">
          <screen x="0" y="0" width="1920" height="1080" />
        </state>
        <state x="464" y="191" key="SettingsEditor/0.0.1920.1080" timestamp="1720576220976" />
      </component>
    </defaultProject>
  </component>
</application>