<keymap version="1" name="Windows copy 1" parent="$default">
  <action id="ActivateBookmarksToolWindow" />
  <action id="ActivateCommitToolWindow" />
  <action id="ActivateDebugToolWindow" />
  <action id="ActivateFindToolWindow" />
  <action id="ActivateMavenToolWindow">
    <keyboard-shortcut first-keystroke="f1" second-keystroke="f1" />
  </action>
  <action id="ActivateProblemsViewToolWindow" />
  <action id="ActivateProjectToolWindow" />
  <action id="ActivateRunToolWindow" />
  <action id="ActivateServicesToolWindow" />
  <action id="ActivateStructureToolWindow" />
  <action id="ActivateTerminalToolWindow" />
  <action id="ActivateVersionControlToolWindow" />
  <action id="ChooseDebugConfiguration">
    <keyboard-shortcut first-keystroke="alt f5" />
  </action>
  <action id="ChooseRunConfiguration">
    <keyboard-shortcut first-keystroke="f5" />
  </action>
  <action id="CloseContent">
    <keyboard-shortcut first-keystroke="ctrl w" />
  </action>
  <action id="CopyElement" />
  <action id="Debugger.EditFrameSource" />
  <action id="Documentation.EditSource" />
  <action id="DomCollectionControl.Edit" />
  <action id="EditSource" />
  <action id="EditorDeleteLine" />
  <action id="EditorSelectWord" />
  <action id="ExternalSystem.OpenConfig" />
  <action id="FileChooser.TogglePathBar" />
  <action id="Generate">
    <keyboard-shortcut first-keystroke="alt insert" />
    <keyboard-shortcut first-keystroke="alt c" second-keystroke="g" />
  </action>
  <action id="Maven_4ff2b66aTicTacToe43c47dd2install">
    <keyboard-shortcut first-keystroke="shift ctrl alt period" />
  </action>
  <action id="Maven_96870a19PunishPlugin411db281install">
    <keyboard-shortcut first-keystroke="shift ctrl alt period" />
  </action>
  <action id="OpenBookmarkGroup" />
  <action id="OpenModuleSettings" />
  <action id="ParameterInfo" />
  <action id="ProjectViewEditSource" />
  <action id="RecentFiles">
    <keyboard-shortcut first-keystroke="ctrl p" />
  </action>
  <action id="SmartSelect" />
  <action id="Stop">
    <keyboard-shortcut first-keystroke="f4" />
  </action>
  <action id="SurroundWith">
    <keyboard-shortcut first-keystroke="alt s" second-keystroke="w" />
  </action>
  <action id="SurroundWithLiveTemplate">
    <keyboard-shortcut first-keystroke="ctrl alt s" second-keystroke="w" />
  </action>
  <action id="SwitcherIterateItems">
    <keyboard-shortcut first-keystroke="ctrl p" />
  </action>
  <action id="SwitcherRecentEditedChangedToggleCheckBox">
    <keyboard-shortcut first-keystroke="ctrl p" />
  </action>
  <action id="Terminal.DeletePreviousWord" />
  <action id="UsageFiltering.WriteAccess" />
  <action id="Vcs.EditSource" />
  <action id="XDebugger.JumpToSource" />
</keymap>