<keymap version="1" name="Windows copy" parent="$default">
  <action id="CWMHostShowPopupAction" />
  <action id="ExtractFunctionToScope" />
  <action id="LookupMcpMember" />
  <action id="Maven_7be96a7fRandomTeleport61644ce7install">
    <keyboard-shortcut first-keystroke="shift ctrl alt m" />
  </action>
  <action id="Maven_8f72f18fTutorial36bdc3f7install">
    <keyboard-shortcut first-keystroke="shift ctrl y" />
  </action>
  <action id="Maven_96870a19PunishPlugin411db281install">
    <keyboard-shortcut first-keystroke="shift ctrl alt comma" />
  </action>
  <action id="Maven_a7161efJoinLeavePlugin5df5d457install">
    <keyboard-shortcut first-keystroke="shift ctrl y" />
  </action>
  <action id="Maven_b2841d3bArmorstandPlugind56e83a3install">
    <keyboard-shortcut first-keystroke="shift ctrl alt m" />
  </action>
  <action id="Maven_d2873c95Tutorial.2.0abf1a8fdinstall">
    <keyboard-shortcut first-keystroke="shift ctrl alt comma" />
  </action>
  <action id="Maven_eb1aac13EnderBow2754ba7binstall">
    <keyboard-shortcut first-keystroke="shift ctrl alt m" />
  </action>
  <action id="Scala.ShowImplicits">
    <keyboard-shortcut first-keystroke="shift ctrl alt equals" />
    <keyboard-shortcut first-keystroke="shift ctrl alt add" />
  </action>
</keymap>